<?xml version="1.0" encoding="UTF-8"?>
<project-private xmlns="http://www.netbeans.org/ns/project-private/1">
    <editor-bookmarks xmlns="http://www.netbeans.org/ns/editor-bookmarks/2" lastBookmarkId="0"/>
    <open-files xmlns="http://www.netbeans.org/ns/projectui-open-files/2">
        <group>
            <file>file:/C:/Users/santh/Documents/NetBeansProjects/AdapterPatternExample/src/StripeAdapter.java</file>
            <file>file:/C:/Users/santh/Documents/NetBeansProjects/AdapterPatternExample/src/PayPal.java</file>
            <file>file:/C:/Users/santh/Documents/NetBeansProjects/AdapterPatternExample/src/AdapterPatternTest.java</file>
            <file>file:/C:/Users/santh/Documents/NetBeansProjects/AdapterPatternExample/src/PayPalAdapter.java</file>
            <file>file:/C:/Users/santh/Documents/NetBeansProjects/AdapterPatternExample/src/PaymentProcessor.java</file>
            <file>file:/C:/Users/santh/Documents/NetBeansProjects/AdapterPatternExample/src/Stripe.java</file>
            <file>file:/C:/Users/santh/Documents/NetBeansProjects/AdapterPatternExample/src/adapterpatternexample/AdapterPatternExample.java</file>
        </group>
    </open-files>
</project-private>
