<?xml version="1.0" encoding="UTF-8"?>
<project-private xmlns="http://www.netbeans.org/ns/project-private/1">
    <editor-bookmarks xmlns="http://www.netbeans.org/ns/editor-bookmarks/2" lastBookmarkId="0"/>
    <open-files xmlns="http://www.netbeans.org/ns/projectui-open-files/2">
        <group>
            <file>file:/C:/Users/santh/Documents/NetBeansProjects/DecoratorPatternExample/src/EmailNotifier.java</file>
            <file>file:/C:/Users/santh/Documents/NetBeansProjects/DecoratorPatternExample/src/SMSNotifierDecorator.java</file>
            <file>file:/C:/Users/santh/Documents/NetBeansProjects/DecoratorPatternExample/src/decoratorpatternexample/DecoratorPatternExample.java</file>
            <file>file:/C:/Users/santh/Documents/NetBeansProjects/DecoratorPatternExample/src/Notifier.java</file>
            <file>file:/C:/Users/santh/Documents/NetBeansProjects/DecoratorPatternExample/src/SlackNotifierDecorator.java</file>
            <file>file:/C:/Users/santh/Documents/NetBeansProjects/DecoratorPatternExample/src/NotifierDecorator.java</file>
            <file>file:/C:/Users/santh/Documents/NetBeansProjects/DecoratorPatternExample/src/DecoratorPatternTest.java</file>
        </group>
    </open-files>
</project-private>
