<?xml version="1.0" encoding="UTF-8"?>
<project-private xmlns="http://www.netbeans.org/ns/project-private/1">
    <open-files xmlns="http://www.netbeans.org/ns/projectui-open-files/2">
        <group>
            <file>file:/C:/Users/santh/Documents/NetBeansProjects/CommandPatternExample/src/commandpatternexample/CommandPatternExample.java</file>
            <file>file:/C:/Users/santh/Documents/NetBeansProjects/CommandPatternExample/src/LightOnCommand.java</file>
            <file>file:/C:/Users/santh/Documents/NetBeansProjects/CommandPatternExample/src/LightOffCommand.java</file>
            <file>file:/C:/Users/santh/Documents/NetBeansProjects/CommandPatternExample/src/Command.java</file>
            <file>file:/C:/Users/santh/Documents/NetBeansProjects/CommandPatternExample/src/Main/Main.java</file>
            <file>file:/C:/Users/santh/Documents/NetBeansProjects/CommandPatternExample/src/Light.java</file>
            <file>file:/C:/Users/santh/Documents/NetBeansProjects/CommandPatternExample/src/RemoteControl.java</file>
        </group>
    </open-files>
</project-private>
