<?xml version="1.0" encoding="UTF-8"?>
<project-private xmlns="http://www.netbeans.org/ns/project-private/1">
    <editor-bookmarks xmlns="http://www.netbeans.org/ns/editor-bookmarks/2" lastBookmarkId="0"/>
    <open-files xmlns="http://www.netbeans.org/ns/projectui-open-files/2">
        <group>
            <file>file:/C:/Users/santh/Documents/NetBeansProjects/FactoryMethodPatternExample/src/FactoryMethodTest.java</file>
            <file>file:/C:/Users/santh/Documents/NetBeansProjects/FactoryMethodPatternExample/src/PdfDocumentFactory.java</file>
            <file>file:/C:/Users/santh/Documents/NetBeansProjects/FactoryMethodPatternExample/src/ExcelDocumentFactory.java</file>
            <file>file:/C:/Users/santh/Documents/NetBeansProjects/FactoryMethodPatternExample/src/ExcelDocument.java</file>
            <file>file:/C:/Users/santh/Documents/NetBeansProjects/FactoryMethodPatternExample/src/WordDocument.java</file>
            <file>file:/C:/Users/santh/Documents/NetBeansProjects/FactoryMethodPatternExample/src/PdfDocument.java</file>
            <file>file:/C:/Users/santh/Documents/NetBeansProjects/FactoryMethodPatternExample/src/factorymethodpatternexample/FactoryMethodPatternExample.java</file>
            <file>file:/C:/Users/santh/Documents/NetBeansProjects/FactoryMethodPatternExample/src/DocumentFactory.java</file>
            <file>file:/C:/Users/santh/Documents/NetBeansProjects/FactoryMethodPatternExample/src/WordDocumentFactory.java</file>
        </group>
    </open-files>
</project-private>
