<?xml version="1.0" encoding="UTF-8"?>
<project-private xmlns="http://www.netbeans.org/ns/project-private/1">
    <open-files xmlns="http://www.netbeans.org/ns/projectui-open-files/2">
        <group>
            <file>file:/C:/Users/santh/Documents/NetBeansProjects/ObserverPatternExample/src/observerpatternexample/ObserverPatternExample.java</file>
            <file>file:/C:/Users/santh/Documents/NetBeansProjects/ObserverPatternExample/src/Stock.java</file>
            <file>file:/C:/Users/santh/Documents/NetBeansProjects/ObserverPatternExample/src/MobileApp.java</file>
            <file>file:/C:/Users/santh/Documents/NetBeansProjects/ObserverPatternExample/src/StockMarket.java</file>
            <file>file:/C:/Users/santh/Documents/NetBeansProjects/ObserverPatternExample/src/ObserverPatternTest.java</file>
            <file>file:/C:/Users/santh/Documents/NetBeansProjects/ObserverPatternExample/src/WebApp.java</file>
            <file>file:/C:/Users/santh/Documents/NetBeansProjects/ObserverPatternExample/src/Observer.java</file>
        </group>
    </open-files>
</project-private>
