<?xml version="1.0" encoding="UTF-8"?>
<project-private xmlns="http://www.netbeans.org/ns/project-private/1">
    <open-files xmlns="http://www.netbeans.org/ns/projectui-open-files/2">
        <group>
            <file>file:/C:/Users/santh/Documents/NetBeansProjects/StrategyPatternExample/src/CreditCardPayment.java</file>
            <file>file:/C:/Users/santh/Documents/NetBeansProjects/StrategyPatternExample/src/StrategyPatternTest.java</file>
            <file>file:/C:/Users/santh/Documents/NetBeansProjects/StrategyPatternExample/src/strategypatternexample/StrategyPatternExample.java</file>
            <file>file:/C:/Users/santh/Documents/NetBeansProjects/StrategyPatternExample/src/PayPalPayment.java</file>
            <file>file:/C:/Users/santh/Documents/NetBeansProjects/StrategyPatternExample/src/PaymentContext.java</file>
            <file>file:/C:/Users/santh/Documents/NetBeansProjects/StrategyPatternExample/src/PaymentStrategy.java</file>
        </group>
    </open-files>
</project-private>
